Number,Name,Type,Category,PP,Power,Accuracy,priority,target+AF8-id,effect+AF8-id,effect+AF8-chance
1,pound,1,2,35,40,100,0,10,1,
2,karate-chop,2,2,25,50,100,0,10,44,
3,double-slap,1,2,10,15,85,0,10,30,
4,comet-punch,1,2,15,18,85,0,10,30,
5,mega-punch,1,2,20,80,85,0,10,1,
6,pay-day,1,2,20,40,100,0,10,35,
7,fire-punch,10,2,15,75,100,0,10,5,10
8,ice-punch,15,2,15,75,100,0,10,6,10
9,thunder-punch,13,2,15,75,100,0,10,7,10
10,scratch,1,2,35,40,100,0,10,1,
11,vice-grip,1,2,30,55,100,0,10,1,
12,guillotine,1,2,5,,30,0,10,39,
13,razor-wind,1,3,10,80,100,0,11,40,
14,swords-dance,1,1,20,,,0,7,51,
15,cut,1,2,30,50,95,0,10,1,
16,gust,3,3,35,40,100,0,10,150,
17,wing-attack,3,2,35,60,100,0,10,1,
18,whirlwind,1,1,20,,,-6,10,29,
19,fly,3,2,15,90,95,0,10,156,
20,bind,1,2,20,15,85,0,10,43,100
21,slam,1,2,20,80,75,0,10,1,
22,vine-whip,12,2,25,45,100,0,10,1,
23,stomp,1,2,20,65,100,0,10,151,30
24,double-kick,2,2,30,30,100,0,10,45,
25,mega-kick,1,2,5,120,75,0,10,1,
26,jump-kick,2,2,10,100,95,0,10,46,
27,rolling-kick,2,2,15,60,85,0,10,32,30
28,sand-attack,5,1,15,,100,0,10,24,
29,headbutt,1,2,15,70,100,0,10,32,30
30,horn-attack,1,2,25,65,100,0,10,1,
31,fury-attack,1,2,20,15,85,0,10,30,
32,horn-drill,1,2,5,,30,0,10,39,
33,tackle,1,2,35,40,100,0,10,1,
34,body-slam,1,2,15,85,100,0,10,7,30
35,wrap,1,2,20,15,90,0,10,43,100
36,take-down,1,2,20,90,85,0,10,49,
37,thrash,1,2,10,120,100,0,8,28,
38,double-edge,1,2,15,120,100,0,10,199,
39,tail-whip,1,1,30,,100,0,11,20,
40,poison-sting,4,2,35,15,100,0,10,3,30
41,twineedle,7,2,20,25,100,0,10,78,20
42,pin-missile,7,2,20,25,95,0,10,30,
43,leer,1,1,30,,100,0,11,20,100
44,bite,17,2,25,60,100,0,10,32,30
45,growl,1,1,40,,100,0,11,19,
46,roar,1,1,20,,,-6,10,29,
47,sing,1,1,15,,55,0,10,2,
48,supersonic,1,1,20,,55,0,10,50,
49,sonic-boom,1,3,20,,90,0,10,131,
50,disable,1,1,20,,100,0,10,87,
51,acid,4,3,30,40,100,0,11,73,10
52,ember,10,3,25,40,100,0,10,5,10
53,flamethrower,10,3,15,90,100,0,10,5,10
54,mist,15,1,30,,,0,4,47,
55,water-gun,11,3,25,40,100,0,10,1,
56,hydro-pump,11,3,5,110,80,0,10,1,
57,surf,11,3,15,90,100,0,9,258,
58,ice-beam,15,3,10,90,100,0,10,6,10
59,blizzard,15,3,5,110,70,0,11,261,10
60,psybeam,14,3,20,65,100,0,10,77,10
61,bubble-beam,11,3,20,65,100,0,10,71,10
62,aurora-beam,15,3,20,65,100,0,10,69,10
63,hyper-beam,1,3,5,150,90,0,10,81,
64,peck,3,2,35,35,100,0,10,1,
65,drill-peck,3,2,20,80,100,0,10,1,
66,submission,2,2,20,80,80,0,10,49,
67,low-kick,2,2,20,,100,0,10,197,
68,counter,2,2,20,,100,-5,1,90,
69,seismic-toss,2,2,20,,100,0,10,88,
70,strength,1,2,15,80,100,0,10,1,
71,absorb,12,3,25,20,100,0,10,4,
72,mega-drain,12,3,15,40,100,0,10,4,
73,leech-seed,12,1,10,,90,0,10,85,
74,growth,1,1,20,,,0,7,317,
75,razor-leaf,12,2,25,55,95,0,11,44,
76,solar-beam,12,3,10,120,100,0,10,152,
77,poison-powder,4,1,35,,75,0,10,67,
78,stun-spore,12,1,30,,75,0,10,68,
79,sleep-powder,12,1,15,,75,0,10,2,
80,petal-dance,12,3,10,120,100,0,8,28,
81,string-shot,7,1,40,,95,0,11,61,
82,dragon-rage,16,3,10,,100,0,10,42,
83,fire-spin,10,3,15,35,85,0,10,43,100
84,thunder-shock,13,3,30,40,100,0,10,7,10
85,thunderbolt,13,3,15,90,100,0,10,7,10
86,thunder-wave,13,1,20,,90,0,10,68,
87,thunder,13,3,10,110,70,0,10,153,30
88,rock-throw,6,2,15,50,90,0,10,1,
89,earthquake,5,2,10,100,100,0,9,148,
90,fissure,5,2,5,,30,0,10,39,
91,dig,5,2,10,80,100,0,10,257,
92,toxic,4,1,10,,90,0,10,34,
93,confusion,14,3,25,50,100,0,10,77,10
94,psychic,14,3,10,90,100,0,10,73,10
95,hypnosis,14,1,20,,60,0,10,2,
96,meditate,14,1,40,,,0,7,11,
97,agility,14,1,30,,,0,7,53,
98,quick-attack,1,2,30,40,100,1,10,104,
99,rage,1,2,20,20,100,0,10,82,
100,teleport,14,1,20,,,0,7,154,
101,night-shade,8,3,15,,100,0,10,88,
102,mimic,1,1,10,,,0,10,83,
103,screech,1,1,40,,85,0,10,60,
104,double-team,1,1,15,,,0,7,17,
105,recover,1,1,10,,,0,7,33,
106,harden,1,1,30,,,0,7,12,
107,minimize,1,1,10,,,0,7,109,
108,smokescreen,1,1,20,,100,0,10,24,
109,confuse-ray,8,1,10,,100,0,10,50,
110,withdraw,11,1,40,,,0,7,12,
111,defense-curl,1,1,40,,,0,7,157,
112,barrier,14,1,20,,,0,7,52,
113,light-screen,14,1,30,,,0,4,36,
114,haze,15,1,30,,,0,12,26,
115,reflect,14,1,20,,,0,4,66,
116,focus-energy,1,1,30,,,0,7,48,
117,bide,1,2,10,,,1,7,27,
118,metronome,1,1,10,,,0,7,84,
119,mirror-move,3,1,20,,,0,10,10,
120,self-destruct,1,2,5,200,100,0,9,8,
121,egg-bomb,1,2,10,100,75,0,10,1,
122,lick,8,2,30,30,100,0,10,7,30
123,smog,4,3,20,30,70,0,10,3,40
124,sludge,4,3,20,65,100,0,10,3,30
125,bone-club,5,2,20,65,85,0,10,32,10
126,fire-blast,10,3,5,110,85,0,10,5,10
127,waterfall,11,2,15,80,100,0,10,32,20
128,clamp,11,2,15,35,85,0,10,43,100
129,swift,1,3,20,60,,0,11,18,
130,skull-bash,1,2,10,130,100,0,10,146,100
131,spike-cannon,1,2,15,20,100,0,10,30,
132,constrict,1,2,35,10,100,0,10,71,10
133,amnesia,14,1,20,,,0,7,55,
134,kinesis,14,1,15,,80,0,10,24,
135,soft-boiled,1,1,10,,,0,7,33,
136,high-jump-kick,2,2,10,130,90,0,10,46,
137,glare,1,1,30,,100,0,10,68,
138,dream-eater,14,3,15,100,100,0,10,9,
139,poison-gas,4,1,40,,90,0,11,67,
140,barrage,1,2,20,15,85,0,10,30,
141,leech-life,7,2,10,80,100,0,10,4,
142,lovely-kiss,1,1,10,,75,0,10,2,
143,sky-attack,3,2,5,140,90,0,10,76,30
144,transform,1,1,10,,,0,10,58,
145,bubble,11,3,30,40,100,0,11,71,10
146,dizzy-punch,1,2,10,70,100,0,10,77,20
147,spore,12,1,15,,100,0,10,2,
148,flash,1,1,20,,100,0,10,24,
149,psywave,14,3,15,,100,0,10,89,
150,splash,1,1,40,,,0,7,86,
151,acid-armor,4,1,20,,,0,7,52,
152,crabhammer,11,2,10,100,90,0,10,44,
153,explosion,1,2,5,250,100,0,9,8,
154,fury-swipes,1,2,15,18,80,0,10,30,
155,bonemerang,5,2,10,50,90,0,10,45,
156,rest,14,1,10,,,0,7,38,
157,rock-slide,6,2,10,75,90,0,11,32,30
158,hyper-fang,1,2,15,80,90,0,10,32,10
159,sharpen,1,1,30,,,0,7,11,
160,conversion,1,1,30,,,0,7,31,
161,tri-attack,1,3,10,80,100,0,10,37,20
162,super-fang,1,2,10,,90,0,10,41,
163,slash,1,2,20,70,100,0,10,44,
164,substitute,1,1,10,,,0,7,80,
165,struggle,1,2,1,50,,0,8,255,
166,sketch,1,1,1,,,0,10,96,
167,triple-kick,2,2,10,10,90,0,10,105,
168,thief,17,2,25,60,100,0,10,106,
169,spider-web,7,1,10,,,0,10,107,
170,mind-reader,1,1,5,,,0,10,95,
171,nightmare,8,1,15,,100,0,10,108,
172,flame-wheel,10,2,25,60,100,0,10,126,10
173,snore,1,3,15,50,100,0,10,93,30
174,curse,8,1,10,,,0,1,110,
175,flail,1,2,15,,100,0,10,100,
176,conversion-2,1,1,30,,,0,10,94,
177,aeroblast,3,3,5,100,95,0,10,44,
178,cotton-spore,12,1,40,,100,0,11,61,
179,reversal,2,2,15,,100,0,10,100,
180,spite,8,1,10,,100,0,10,101,
181,powder-snow,15,3,25,40,100,0,11,6,10
182,protect,1,1,10,,,4,7,112,
183,mach-punch,2,2,30,40,100,1,10,104,
184,scary-face,1,1,10,,100,0,10,61,
185,feint-attack,17,2,20,60,,0,10,18,
186,sweet-kiss,18,1,10,,75,0,10,50,
187,belly-drum,1,1,10,,,0,7,143,
188,sludge-bomb,4,3,10,90,100,0,10,3,30
189,mud-slap,5,3,10,20,100,0,10,74,100
190,octazooka,11,3,10,65,85,0,10,74,50
191,spikes,5,1,20,,,0,6,113,
192,zap-cannon,13,3,5,120,50,0,10,7,100
193,foresight,1,1,40,,,0,10,114,
194,destiny-bond,8,1,5,,,0,7,99,
195,perish-song,1,1,5,,,0,14,115,
196,icy-wind,15,3,15,55,95,0,11,71,100
197,detect,2,1,5,,,4,7,112,
198,bone-rush,5,2,10,25,90,0,10,30,
199,lock-on,1,1,5,,,0,10,95,
200,outrage,16,2,10,120,100,0,8,28,
201,sandstorm,6,1,10,,,0,12,116,
202,giga-drain,12,3,10,75,100,0,10,4,
203,endure,1,1,10,,,4,7,117,
204,charm,18,1,20,,100,0,10,59,
205,rollout,6,2,20,30,90,0,10,118,
206,false-swipe,1,2,40,40,100,0,10,102,
207,swagger,1,1,15,,85,0,10,119,
208,milk-drink,1,1,10,,,0,7,33,
209,spark,13,2,20,65,100,0,10,7,30
210,fury-cutter,7,2,20,40,95,0,10,120,
211,steel-wing,9,2,25,70,90,0,10,139,10
212,mean-look,1,1,5,,,0,10,107,
213,attract,1,1,15,,100,0,10,121,
214,sleep-talk,1,1,10,,,0,7,98,
215,heal-bell,1,1,5,,,0,13,103,
216,return,1,2,20,,100,0,10,122,
217,present,1,2,15,,90,0,10,123,
218,frustration,1,2,20,,100,0,10,124,
219,safeguard,1,1,25,,,0,4,125,
220,pain-split,1,1,20,,,0,10,92,
221,sacred-fire,10,2,5,100,95,0,10,126,50
222,magnitude,5,2,30,,100,0,9,127,
223,dynamic-punch,2,2,5,100,50,0,10,77,100
224,megahorn,7,2,10,120,85,0,10,1,
225,dragon-breath,16,3,20,60,100,0,10,7,30
226,baton-pass,1,1,40,,,0,7,128,
227,encore,1,1,5,,100,0,10,91,
228,pursuit,17,2,20,40,100,0,10,129,
229,rapid-spin,1,2,40,20,100,0,10,130,
230,sweet-scent,1,1,20,,100,0,11,25,
231,iron-tail,9,2,15,100,75,0,10,70,30
232,metal-claw,9,2,35,50,95,0,10,140,10
233,vital-throw,2,2,10,70,,-1,10,79,
234,morning-sun,1,1,5,,,0,7,133,
235,synthesis,12,1,5,,,0,7,133,
236,moonlight,18,1,5,,,0,7,133,
237,hidden-power,1,3,15,60,100,0,10,136,
238,cross-chop,2,2,5,100,80,0,10,44,
239,twister,16,3,20,40,100,0,11,147,20
240,rain-dance,11,1,5,,,0,12,137,
241,sunny-day,10,1,5,,,0,12,138,
242,crunch,17,2,15,80,100,0,10,70,20
243,mirror-coat,14,3,20,,100,-5,1,145,
244,psych-up,1,1,10,,,0,10,144,
245,extreme-speed,1,2,5,80,100,2,10,104,
246,ancient-power,6,3,5,60,100,0,10,141,10
247,shadow-ball,8,3,15,80,100,0,10,73,20
248,future-sight,14,3,10,120,100,0,10,149,
249,rock-smash,2,2,15,40,100,0,10,70,50
250,whirlpool,11,3,15,35,85,0,10,262,100
251,beat-up,17,2,10,,100,0,10,155,
252,fake-out,1,2,10,40,100,3,10,159,100
253,uproar,1,3,10,90,100,0,8,160,
254,stockpile,1,1,20,,,0,7,161,
255,spit-up,1,3,10,,100,0,10,162,
256,swallow,1,1,10,,,0,7,163,
257,heat-wave,10,3,10,95,90,0,11,5,10
258,hail,15,1,10,,,0,12,165,
259,torment,17,1,15,,100,0,10,166,
260,flatter,17,1,15,,100,0,10,167,
261,will-o-wisp,10,1,15,,85,0,10,168,
262,memento,17,1,10,,100,0,10,169,
263,facade,1,2,20,70,100,0,10,170,
264,focus-punch,2,2,20,150,100,-3,10,171,
265,smelling-salts,1,2,10,70,100,0,10,172,
266,follow-me,1,1,20,,,2,7,173,
267,nature-power,1,1,20,,,0,10,174,
268,charge,13,1,20,,,0,7,175,
269,taunt,17,1,20,,100,0,10,176,
270,helping-hand,1,1,20,,,5,3,177,
271,trick,14,1,10,,100,0,10,178,
272,role-play,14,1,10,,,0,10,179,
273,wish,1,1,10,,,0,7,180,
274,assist,1,1,20,,,0,7,181,
275,ingrain,12,1,20,,,0,7,182,
276,superpower,2,2,5,120,100,0,10,183,100
277,magic-coat,14,1,15,,,4,7,184,
278,recycle,1,1,10,,,0,7,185,
279,revenge,2,2,10,60,100,-4,10,186,
280,brick-break,2,2,15,75,100,0,10,187,
281,yawn,1,1,10,,,0,10,188,
282,knock-off,17,2,20,65,100,0,10,189,
283,endeavor,1,2,5,,100,0,10,190,
284,eruption,10,3,5,150,100,0,11,191,
285,skill-swap,14,1,10,,,0,10,192,
286,imprison,14,1,10,,,0,7,193,
287,refresh,1,1,20,,,0,7,194,
288,grudge,8,1,5,,,0,7,195,
289,snatch,17,1,10,,,4,7,196,
290,secret-power,1,2,20,70,100,0,10,198,30
291,dive,11,2,10,80,100,0,10,256,
292,arm-thrust,2,2,20,15,100,0,10,30,
293,camouflage,1,1,20,,,0,7,214,
294,tail-glow,7,1,20,,,0,7,322,
295,luster-purge,14,3,5,70,100,0,10,73,50
296,mist-ball,14,3,5,70,100,0,10,72,50
297,feather-dance,3,1,15,,100,0,10,59,
298,teeter-dance,1,1,20,,100,0,9,200,
299,blaze-kick,10,2,10,85,90,0,10,201,10
300,mud-sport,5,1,15,,,0,12,202,
301,ice-ball,15,2,20,30,90,0,10,118,
302,needle-arm,12,2,15,60,100,0,10,32,30
303,slack-off,1,1,10,,,0,7,33,
304,hyper-voice,1,3,10,90,100,0,11,1,
305,poison-fang,4,2,15,50,100,0,10,203,50
306,crush-claw,1,2,10,75,95,0,10,70,50
307,blast-burn,10,3,5,150,90,0,10,81,
308,hydro-cannon,11,3,5,150,90,0,10,81,
309,meteor-mash,9,2,10,90,90,0,10,140,20
310,astonish,8,2,15,30,100,0,10,32,30
311,weather-ball,1,3,10,50,100,0,10,204,
312,aromatherapy,12,1,5,,,0,13,103,
313,fake-tears,17,1,20,,100,0,10,63,
314,air-cutter,3,3,25,60,95,0,11,44,
315,overheat,10,3,5,130,90,0,10,205,100
316,odor-sleuth,1,1,40,,,0,10,114,
317,rock-tomb,6,2,15,60,95,0,10,71,100
318,silver-wind,7,3,5,60,100,0,10,141,10
319,metal-sound,9,1,40,,85,0,10,63,
320,grass-whistle,12,1,15,,55,0,10,2,
321,tickle,1,1,20,,100,0,10,206,
322,cosmic-power,14,1,20,,,0,7,207,
323,water-spout,11,3,5,150,100,0,11,191,
324,signal-beam,7,3,15,75,100,0,10,77,10
325,shadow-punch,8,2,20,60,,0,10,18,
326,extrasensory,14,3,20,80,100,0,10,32,10
327,sky-uppercut,2,2,15,85,90,0,10,208,
328,sand-tomb,5,2,15,35,85,0,10,43,100
329,sheer-cold,15,3,5,,30,0,10,39,
330,muddy-water,11,3,10,90,85,0,11,74,30
331,bullet-seed,12,2,30,25,100,0,10,30,
332,aerial-ace,3,2,20,60,,0,10,18,
333,icicle-spear,15,2,30,25,100,0,10,30,
334,iron-defense,9,1,15,,,0,7,52,
335,block,1,1,5,,,0,10,107,
336,howl,1,1,40,,,0,7,11,
337,dragon-claw,16,2,15,80,100,0,10,1,
338,frenzy-plant,12,3,5,150,90,0,10,81,
339,bulk-up,2,1,20,,,0,7,209,
340,bounce,3,2,5,85,85,0,10,264,30
341,mud-shot,5,3,15,55,95,0,10,71,100
342,poison-tail,4,2,25,50,100,0,10,210,10
343,covet,1,2,25,60,100,0,10,106,
344,volt-tackle,13,2,15,120,100,0,10,263,10
345,magical-leaf,12,3,20,60,,0,10,18,
346,water-sport,11,1,15,,,0,12,211,
347,calm-mind,14,1,20,,,0,7,212,
348,leaf-blade,12,2,15,90,100,0,10,44,
349,dragon-dance,16,1,20,,,0,7,213,
350,rock-blast,6,2,10,25,90,0,10,30,
351,shock-wave,13,3,20,60,,0,10,18,
352,water-pulse,11,3,20,60,100,0,10,77,20
353,doom-desire,9,3,5,140,100,0,10,149,
354,psycho-boost,14,3,5,140,90,0,10,205,100
355,roost,3,1,10,,,0,7,215,
356,gravity,14,1,5,,,0,12,216,
357,miracle-eye,14,1,40,,,0,10,217,
358,wake-up-slap,2,2,10,70,100,0,10,218,
359,hammer-arm,2,2,10,100,90,0,10,219,100
360,gyro-ball,9,2,5,,100,0,10,220,
361,healing-wish,14,1,10,,,0,7,221,
362,brine,11,3,10,65,100,0,10,222,
363,natural-gift,1,2,15,,100,0,10,223,
364,feint,1,2,10,30,100,2,10,224,
365,pluck,3,2,20,60,100,0,10,225,
366,tailwind,3,1,15,,,0,4,226,
367,acupressure,1,1,30,,,0,5,227,
368,metal-burst,9,2,10,,100,0,1,228,
369,u-turn,7,2,20,70,100,0,10,229,
370,close-combat,2,2,5,120,100,0,10,230,100
371,payback,17,2,10,50,100,0,10,231,
372,assurance,17,2,10,60,100,0,10,232,
373,embargo,17,1,15,,100,0,10,233,
374,fling,17,2,10,,100,0,10,234,
375,psycho-shift,14,1,10,,100,0,10,235,
376,trump-card,1,3,5,,,0,10,236,
377,heal-block,14,1,15,,100,0,11,237,
378,wring-out,1,3,5,,100,0,10,238,
379,power-trick,14,1,10,,,0,7,239,
380,gastro-acid,4,1,10,,100,0,10,240,
381,lucky-chant,1,1,30,,,0,4,241,
382,me-first,1,1,20,,,0,2,242,
383,copycat,1,1,20,,,0,7,243,
384,power-swap,14,1,10,,,0,10,244,
385,guard-swap,14,1,10,,,0,10,245,
386,punishment,17,2,5,,100,0,10,246,
387,last-resort,1,2,5,140,100,0,10,247,
388,worry-seed,12,1,10,,100,0,10,248,
389,sucker-punch,17,2,5,70,100,1,10,249,
390,toxic-spikes,4,1,20,,,0,6,250,
391,heart-swap,14,1,10,,,0,10,251,
392,aqua-ring,11,1,20,,,0,7,252,
393,magnet-rise,13,1,10,,,0,7,253,
394,flare-blitz,10,2,15,120,100,0,10,254,10
395,force-palm,2,2,10,60,100,0,10,7,30
396,aura-sphere,2,3,20,80,,0,10,18,
397,rock-polish,6,1,20,,,0,7,53,
398,poison-jab,4,2,20,80,100,0,10,3,30
399,dark-pulse,17,3,15,80,100,0,10,32,20
400,night-slash,17,2,15,70,100,0,10,44,
401,aqua-tail,11,2,10,90,90,0,10,1,
402,seed-bomb,12,2,15,80,100,0,10,1,
403,air-slash,3,3,15,75,95,0,10,32,30
404,x-scissor,7,2,15,80,100,0,10,1,
405,bug-buzz,7,3,10,90,100,0,10,73,10
406,dragon-pulse,16,3,10,85,100,0,10,1,
407,dragon-rush,16,2,10,100,75,0,10,32,20
408,power-gem,6,3,20,80,100,0,10,1,
409,drain-punch,2,2,10,75,100,0,10,4,
410,vacuum-wave,2,3,30,40,100,1,10,104,
411,focus-blast,2,3,5,120,70,0,10,73,10
412,energy-ball,12,3,10,90,100,0,10,73,10
413,brave-bird,3,2,15,120,100,0,10,199,
414,earth-power,5,3,10,90,100,0,10,73,10
415,switcheroo,17,1,10,,100,0,10,178,
416,giga-impact,1,2,5,150,90,0,10,81,
417,nasty-plot,17,1,20,,,0,7,54,
418,bullet-punch,9,2,30,40,100,1,10,104,
419,avalanche,15,2,10,60,100,-4,10,186,
420,ice-shard,15,2,30,40,100,1,10,104,
421,shadow-claw,8,2,15,70,100,0,10,44,
422,thunder-fang,13,2,15,65,95,0,10,276,10
423,ice-fang,15,2,15,65,95,0,10,275,10
424,fire-fang,10,2,15,65,95,0,10,274,10
425,shadow-sneak,8,2,30,40,100,1,10,104,
426,mud-bomb,5,3,10,65,85,0,10,74,30
427,psycho-cut,14,2,20,70,100,0,10,44,
428,zen-headbutt,14,2,15,80,90,0,10,32,20
429,mirror-shot,9,3,10,65,85,0,10,74,30
430,flash-cannon,9,3,10,80,100,0,10,73,10
431,rock-climb,1,2,20,90,85,0,10,77,20
432,defog,3,1,15,,,0,10,259,
433,trick-room,14,1,5,,,-7,12,260,
434,draco-meteor,16,3,5,130,90,0,10,205,100
435,discharge,13,3,15,80,100,0,9,7,30
436,lava-plume,10,3,15,80,100,0,9,5,30
437,leaf-storm,12,3,5,130,90,0,10,205,100
438,power-whip,12,2,10,120,85,0,10,1,
439,rock-wrecker,6,2,5,150,90,0,10,81,
440,cross-poison,4,2,20,70,100,0,10,210,10
441,gunk-shot,4,2,5,120,80,0,10,3,30
442,iron-head,9,2,15,80,100,0,10,32,30
443,magnet-bomb,9,2,20,60,,0,10,18,
444,stone-edge,6,2,5,100,80,0,10,44,
445,captivate,1,1,20,,100,0,11,266,
446,stealth-rock,6,1,20,,,0,6,267,
447,grass-knot,12,3,20,,100,0,10,197,
448,chatter,3,3,20,65,100,0,10,268,100
449,judgment,1,3,10,100,100,0,10,269,
450,bug-bite,7,2,20,60,100,0,10,225,
451,charge-beam,13,3,10,50,90,0,10,277,70
452,wood-hammer,12,2,15,120,100,0,10,199,
453,aqua-jet,11,2,20,40,100,1,10,104,
454,attack-order,7,2,15,90,100,0,10,44,
455,defend-order,7,1,10,,,0,7,207,
456,heal-order,7,1,10,,,0,7,33,
457,head-smash,6,2,5,150,80,0,10,270,
458,double-hit,1,2,10,35,90,0,10,45,
459,roar-of-time,16,3,5,150,90,0,10,81,
460,spacial-rend,16,3,5,100,95,0,10,44,
461,lunar-dance,14,1,10,,,0,7,271,
462,crush-grip,1,2,5,,100,0,10,238,
463,magma-storm,10,3,5,100,75,0,10,43,100
464,dark-void,17,1,10,,50,0,11,2,
465,seed-flare,12,3,5,120,85,0,10,272,40
466,ominous-wind,8,3,5,60,100,0,10,141,10
467,shadow-force,8,2,5,120,100,0,10,273,
468,hone-claws,17,1,15,,,0,7,278,
469,wide-guard,6,1,10,,,3,4,279,
470,guard-split,14,1,10,,,0,10,280,
471,power-split,14,1,10,,,0,10,281,
472,wonder-room,14,1,10,,,0,12,282,
473,psyshock,14,3,10,80,100,0,10,283,
474,venoshock,4,3,10,65,100,0,10,284,
475,autotomize,9,1,15,,,0,7,285,
476,rage-powder,7,1,20,,,2,7,173,
477,telekinesis,14,1,15,,,0,10,286,
478,magic-room,14,1,10,,,0,12,287,
479,smack-down,6,2,15,50,100,0,10,288,100
480,storm-throw,2,2,10,60,100,0,10,289,
481,flame-burst,10,3,15,70,100,0,10,290,
482,sludge-wave,4,3,10,95,100,0,9,3,10
483,quiver-dance,7,1,20,,,0,7,291,
484,heavy-slam,9,2,10,,100,0,10,292,
485,synchronoise,14,3,10,120,100,0,9,293,
486,electro-ball,13,3,10,,100,0,10,294,
487,soak,11,1,20,,100,0,10,295,
488,flame-charge,10,2,20,50,100,0,10,296,100
489,coil,4,1,20,,,0,7,323,
490,low-sweep,2,2,20,65,100,0,10,21,100
491,acid-spray,4,3,20,40,100,0,10,297,100
492,foul-play,17,2,15,95,100,0,10,298,
493,simple-beam,1,1,15,,100,0,10,299,
494,entrainment,1,1,15,,100,0,10,300,
495,after-you,1,1,15,,,0,10,301,
496,round,1,3,15,60,100,0,10,302,
497,echoed-voice,1,3,15,40,100,0,10,303,
498,chip-away,1,2,20,70,100,0,10,304,
499,clear-smog,4,3,15,50,,0,10,305,
500,stored-power,14,3,10,20,100,0,10,306,
501,quick-guard,2,1,15,,,3,4,307,
502,ally-switch,14,1,15,,,2,7,308,
503,scald,11,3,15,80,100,0,10,5,30
504,shell-smash,1,1,15,,,0,7,309,
505,heal-pulse,14,1,10,,,0,10,310,
506,hex,8,3,10,65,100,0,10,311,
507,sky-drop,3,2,10,60,100,0,10,312,
508,shift-gear,9,1,10,,,0,7,313,
509,circle-throw,2,2,10,60,90,-6,10,314,
510,incinerate,10,3,15,60,100,0,11,315,
511,quash,17,1,15,,100,0,10,316,
512,acrobatics,3,2,15,55,100,0,10,318,
513,reflect-type,1,1,15,,,0,10,319,
514,retaliate,1,2,5,70,100,0,10,320,
515,final-gambit,2,3,5,,100,0,10,321,
516,bestow,1,1,15,,,0,10,324,
517,inferno,10,3,5,100,50,0,10,5,100
518,water-pledge,11,3,10,80,100,0,10,325,
519,fire-pledge,10,3,10,80,100,0,10,326,
520,grass-pledge,12,3,10,80,100,0,10,327,
521,volt-switch,13,3,20,70,100,0,10,229,
522,struggle-bug,7,3,20,50,100,0,11,72,100
523,bulldoze,5,2,20,60,100,0,9,71,100
524,frost-breath,15,3,10,60,90,0,10,289,100
525,dragon-tail,16,2,10,60,90,-6,10,314,
526,work-up,1,1,30,,,0,7,328,
527,electroweb,13,3,15,55,95,0,11,21,100
528,wild-charge,13,2,15,90,100,0,10,49,
529,drill-run,5,2,10,80,95,0,10,44,
530,dual-chop,16,2,15,40,90,0,10,45,
531,heart-stamp,14,2,25,60,100,0,10,32,30
532,horn-leech,12,2,10,75,100,0,10,4,
533,sacred-sword,2,2,15,90,100,0,10,304,
534,razor-shell,11,2,10,75,95,0,10,70,50
535,heat-crash,10,2,10,,100,0,10,292,
536,leaf-tornado,12,3,10,65,90,0,10,74,50
537,steamroller,7,2,20,65,100,0,10,151,30
538,cotton-guard,12,1,10,,,0,7,329,
539,night-daze,17,3,10,85,95,0,10,74,40
540,psystrike,14,3,10,100,100,0,10,283,
541,tail-slap,1,2,10,25,85,0,10,30,
542,hurricane,3,3,10,110,70,0,10,334,30
543,head-charge,1,2,15,120,100,0,10,49,
544,gear-grind,9,2,15,50,85,0,10,45,
545,searing-shot,10,3,5,100,100,0,9,5,30
546,techno-blast,1,3,5,120,100,0,10,269,
547,relic-song,1,3,10,75,100,0,11,330,10
548,secret-sword,2,3,10,85,100,0,10,283,
549,glaciate,15,3,10,65,95,0,11,331,100
550,bolt-strike,13,2,5,130,85,0,10,7,20
551,blue-flare,10,3,5,130,85,0,10,5,20
552,fiery-dance,10,3,10,80,100,0,10,277,50
553,freeze-shock,15,2,5,140,90,0,10,332,30
554,ice-burn,15,3,5,140,90,0,10,333,30
555,snarl,17,3,15,55,95,0,11,72,100
556,icicle-crash,15,2,10,85,90,0,10,32,30
557,v-create,10,2,5,180,95,0,10,335,100
558,fusion-flare,10,3,5,100,100,0,10,336,
559,fusion-bolt,13,2,5,100,100,0,10,337,
560,flying-press,2,2,10,100,95,0,10,338,
561,mat-block,2,1,10,,,0,4,377,
562,belch,4,3,10,120,90,0,10,339,
563,rototiller,5,1,10,,,0,14,340,100
564,sticky-web,7,1,20,,,0,6,341,
565,fell-stinger,7,2,25,50,100,0,10,342,
566,phantom-force,8,2,10,90,100,0,10,273,
567,trick-or-treat,8,1,20,,100,0,10,343,
568,noble-roar,1,1,30,,100,0,10,344,100
569,ion-deluge,13,1,25,,,1,12,345,
570,parabolic-charge,13,3,20,65,100,0,9,346,
571,forests-curse,12,1,20,,100,0,10,376,
572,petal-blizzard,12,2,15,90,100,0,9,379,
573,freeze-dry,15,3,20,70,100,0,10,380,10
574,disarming-voice,18,3,15,40,,0,11,381,
575,parting-shot,17,1,20,,100,0,10,347,100
576,topsy-turvy,17,1,20,,,0,10,348,
577,draining-kiss,18,3,10,50,100,0,10,349,
578,crafty-shield,18,1,10,,,3,4,350,
579,flower-shield,18,1,10,,,0,14,351,100
580,grassy-terrain,12,1,10,,,0,12,352,
581,misty-terrain,18,1,10,,,0,12,353,
582,electrify,13,1,20,,,0,10,354,
583,play-rough,18,2,10,90,90,0,10,69,10
584,fairy-wind,18,3,30,40,100,0,10,1,
585,moonblast,18,3,15,95,100,0,10,72,30
586,boomburst,1,3,10,140,100,0,9,379,
587,fairy-lock,18,1,10,,,0,12,355,
588,kings-shield,9,1,10,,,4,7,356,
589,play-nice,1,1,20,,,0,10,357,100
590,confide,1,1,20,,,0,10,358,100
591,diamond-storm,6,2,5,100,95,0,11,359,50
592,steam-eruption,11,3,5,110,95,0,10,5,30
593,hyperspace-hole,14,3,5,80,,0,10,360,
594,water-shuriken,11,3,20,15,100,1,10,361,
595,mystical-fire,10,3,10,75,100,0,10,72,100
596,spiky-shield,12,1,10,,,4,7,362,
597,aromatic-mist,18,1,20,,,0,3,363,
598,eerie-impulse,13,1,15,,100,0,10,62,
599,venom-drench,4,1,20,,100,0,11,364,100
600,powder,7,1,20,,100,1,10,378,
601,geomancy,18,1,10,,,0,7,366,
602,magnetic-flux,13,1,20,,,0,13,367,
603,happy-hour,1,1,30,,,0,4,368,
604,electric-terrain,13,1,10,,,0,12,369,
605,dazzling-gleam,18,3,10,80,100,0,11,1,
606,celebrate,1,1,40,,,0,7,370,
607,hold-hands,1,1,40,,,0,3,371,
608,baby-doll-eyes,18,1,30,,100,1,10,365,
609,nuzzle,13,2,20,20,100,0,10,372,100
610,hold-back,1,2,40,40,100,0,10,102,
611,infestation,7,3,20,20,100,0,10,43,100
612,power-up-punch,2,2,20,40,100,0,10,375,100
613,oblivion-wing,3,3,10,80,100,0,10,349,
614,thousand-arrows,5,2,10,90,100,0,11,373,100
615,thousand-waves,5,2,10,90,100,0,11,374,
616,lands-wrath,5,2,10,90,100,0,11,1,
617,light-of-ruin,18,3,5,140,90,0,10,270,
618,origin-pulse,11,3,10,110,85,0,11,1,
619,precipice-blades,5,2,10,120,85,0,11,1,
620,dragon-ascent,3,2,5,120,100,0,10,230,100
621,hyperspace-fury,17,2,5,100,,0,10,360,100
622,breakneck-blitzALQ-physical,1,2,1,,,0,10,1,
623,breakneck-blitzALQ-special,1,3,1,,,0,10,1,
624,all-out-pummelingALQ-physical,2,2,1,,,0,10,1,
625,all-out-pummelingALQ-special,2,3,1,,,0,10,1,
626,supersonic-skystrikeALQ-physical,3,2,1,,,0,10,1,
627,supersonic-skystrikeALQ-special,3,3,1,,,0,10,1,
628,acid-downpourALQ-physical,4,2,1,,,0,10,1,
629,acid-downpourALQ-special,4,3,1,,,0,10,1,
630,tectonic-rageALQ-physical,5,2,1,,,0,10,1,
631,tectonic-rageALQ-special,5,3,1,,,0,10,1,
632,continental-crushALQ-physical,6,2,1,,,0,10,1,
633,continental-crushALQ-special,6,3,1,,,0,10,1,
634,savage-spin-outALQ-physical,7,2,1,,,0,10,1,
635,savage-spin-outALQ-special,7,3,1,,,0,10,1,
636,never-ending-nightmareALQ-physical,8,2,1,,,0,10,1,
637,never-ending-nightmareALQ-special,8,3,1,,,0,10,1,
638,corkscrew-crashALQ-physical,9,2,1,,,0,10,1,
639,corkscrew-crashALQ-special,9,3,1,,,0,10,1,
640,inferno-overdriveALQ-physical,10,2,1,,,0,10,1,
641,inferno-overdriveALQ-special,10,3,1,,,0,10,1,
642,hydro-vortexALQ-physical,11,2,1,,,0,10,1,
643,hydro-vortexALQ-special,11,3,1,,,0,10,1,
644,bloom-doomALQ-physical,12,2,1,,,0,10,1,
645,bloom-doomALQ-special,12,3,1,,,0,10,1,
646,gigavolt-havocALQ-physical,13,2,1,,,0,10,1,
647,gigavolt-havocALQ-special,13,3,1,,,0,10,1,
648,shattered-psycheALQ-physical,14,2,1,,,0,10,1,
649,shattered-psycheALQ-special,14,3,1,,,0,10,1,
650,subzero-slammerALQ-physical,15,2,1,,,0,10,1,
651,subzero-slammerALQ-special,15,3,1,,,0,10,1,
652,devastating-drakeALQ-physical,16,2,1,,,0,10,1,
653,devastating-drakeALQ-special,16,3,1,,,0,10,1,
654,black-hole-eclipseALQ-physical,17,2,1,,,0,10,1,
655,black-hole-eclipseALQ-special,17,3,1,,,0,10,1,
656,twinkle-tackleALQ-physical,18,2,1,,,0,10,1,
657,twinkle-tackleALQ-special,18,3,1,,,0,10,1,
658,catastropika,13,2,1,210,,0,10,1,
659,shore-up,5,1,10,,,0,7,382,
660,first-impression,7,2,10,90,100,2,10,383,
661,baneful-bunker,4,1,10,,,4,7,384,
662,spirit-shackle,8,2,10,80,100,0,10,385,
663,darkest-lariat,17,2,10,85,100,0,10,304,
664,sparkling-aria,11,3,10,90,100,0,9,386,
665,ice-hammer,15,2,10,100,90,0,10,219,100
666,floral-healing,18,1,10,,,0,10,387,
667,high-horsepower,5,2,10,95,95,0,10,1,
668,strength-sap,12,1,10,,100,0,10,388,100
669,solar-blade,12,2,10,125,100,0,10,152,
670,leafage,12,2,40,40,100,0,10,1,
671,spotlight,1,1,15,,,3,10,389,
672,toxic-thread,4,1,20,,100,0,10,390,100
673,laser-focus,1,1,30,,,0,7,391,
674,gear-up,9,1,20,,,0,13,392,
675,throat-chop,17,2,15,80,100,0,10,393,100
676,pollen-puff,7,3,15,90,100,0,10,394,
677,anchor-shot,9,2,20,80,100,0,10,385,
678,psychic-terrain,14,1,10,,,0,12,395,
679,lunge,7,2,15,80,100,0,10,396,100
680,fire-lash,10,2,15,80,100,0,10,397,100
681,power-trip,17,2,10,20,100,0,10,306,
682,burn-up,10,3,5,130,100,0,10,398,
683,speed-swap,14,1,10,,,0,10,399,
684,smart-strike,9,2,10,70,,0,10,18,
685,purify,4,1,20,,,0,10,400,
686,revelation-dance,1,3,15,90,100,0,10,401,
687,core-enforcer,16,3,10,100,100,0,11,402,
688,trop-kick,12,2,15,70,100,0,10,396,100
689,instruct,14,1,15,,,0,10,403,
690,beak-blast,3,2,15,100,100,-3,10,404,
691,clanging-scales,16,3,5,110,100,0,11,405,100
692,dragon-hammer,16,2,15,90,100,0,10,1,
693,brutal-swing,17,2,20,60,100,0,9,406,
694,aurora-veil,15,1,20,,,0,4,407,
695,sinister-arrow-raid,8,2,1,180,,0,10,1,
696,malicious-moonsault,17,2,1,180,,0,10,1,
697,oceanic-operetta,11,3,1,195,,0,10,1,
698,guardian-of-alola,18,3,1,,,0,10,413,
699,soul-stealing-7-star-strike,8,2,1,195,,0,10,1,
700,stoked-sparksurfer,13,3,1,175,,0,10,7,100
701,pulverizing-pancake,1,2,1,210,,0,10,1,
702,extreme-evoboost,1,1,1,,,0,7,414,100
703,genesis-supernova,14,3,1,185,,0,10,415,
704,shell-trap,10,3,5,150,100,-3,11,408,
705,fleur-cannon,18,3,5,130,90,0,10,205,100
706,psychic-fangs,14,2,10,85,100,0,10,187,
707,stomping-tantrum,5,2,10,75,100,0,10,409,
708,shadow-bone,8,2,10,85,100,0,10,70,20
709,accelerock,6,2,20,40,100,1,10,104,
710,liquidation,11,2,10,85,100,0,10,70,20
711,prismatic-laser,14,3,10,160,100,0,10,81,
712,spectral-thief,8,2,10,90,100,0,10,410,
713,sunsteel-strike,9,2,5,100,100,0,10,411,
714,moongeist-beam,8,3,5,100,100,0,10,411,
715,tearful-look,1,1,20,,,0,10,412,100
716,zing-zap,13,2,10,80,100,0,10,32,30
717,natures-madness,18,3,10,,90,0,10,41,
718,multi-attack,1,2,10,90,100,0,10,269,
719,10-000-000-volt-thunderbolt,13,3,1,195,,0,10,1,
720,mind-blown,10,3,5,150,100,0,9,420,
721,plasma-fists,13,2,15,100,100,0,10,1,
722,photon-geyser,14,3,5,100,100,0,10,1,
723,light-that-burns-the-sky,14,3,1,200,,0,10,416,
724,searing-sunraze-smash,9,2,1,200,,0,10,411,
725,menacing-moonraze-maelstrom,8,3,1,200,,0,10,411,
726,lets-snuggle-forever,18,2,1,190,,0,10,417,
727,splintered-stormshards,6,2,1,190,,0,10,418,
728,clangorous-soulblaze,16,3,1,185,,0,11,419,100
10001,shadow-rush,10002,2,,55,100,0,10,10001,
10002,shadow-blast,10002,2,,80,100,0,10,44,
10003,shadow-blitz,10002,2,,40,100,0,10,1,
10004,shadow-bolt,10002,3,,75,100,0,10,7,10
10005,shadow-break,10002,2,,75,100,0,10,1,
10006,shadow-chill,10002,3,,75,100,0,10,6,10
10007,shadow-end,10002,2,,120,60,0,10,10002,
10008,shadow-fire,10002,3,,75,100,0,10,5,10
10009,shadow-rave,10002,3,,70,100,0,6,1,
10010,shadow-storm,10002,3,,95,100,0,6,1,
10011,shadow-wave,10002,3,,50,100,0,6,1,
10012,shadow-down,10002,1,,,100,0,6,60,
10013,shadow-half,10002,3,,,100,0,12,10003,
10014,shadow-hold,10002,1,,,,0,6,107,
10015,shadow-mist,10002,1,,,100,0,6,10004,
10016,shadow-panic,10002,1,,,90,0,6,50,
10017,shadow-shed,10002,1,,,,0,12,10005,
10018,shadow-sky,10002,1,,,,0,12,10006,
